[
    {
        "name": "دارایی های جاری",
        "code": 1,
        "children": [
            {
                "name": "موجودی نقد و بانک ها",
                "code": 101,
                "children": [
                    {
                        "name": "صندوق",
                        "code": 101001,
                        "type": "both"
                    },
                    {
                        "name": "بانک ها",
                        "code": 101002,
                        "type": "both"
                    },
                    {
                        "name": "تنخواه گردانها",
                        "code": 101003,
                        "type": "both"
                    }
                ],
                "type": "both"
            },
            {
                "name": "حساب ها و اسناد دریافتنی تجاری",
                "code": 102,
                "children": [
                    {
                        "name": "حساب های دریافتنی تجاری",
                        "code": 102001,
                        "type": "both"
                    },
                    {
                        "name": "اسناد دریافتنی تجاری",
                        "code": 102002,
                        "type": "both"
                    },
                    {
                        "name": "حساب دریافتنی بدهی معوقه",
                        "code": 102003,
                        "type": "both"
                    },
                    {
                        "name": "حساب دریافتنی شارژ مجتمع",
                        "code": 102008,
                        "type": "both"
                    },
                    {
                        "name": "اسناد در جریان وصول تجاری",
                        "code": 102011,
                        "type": "both"
                    },
                    {
                        "name": "حساب دریافتنی شارژ عمرانی سالانه مالکین",
                        "code": 102012,
                        "type": "both"
                    },
                    {
                        "name": "حساب دریافتنی سود بانکی",
                        "code": 102013,
                        "type": "both"
                    },
                    {
                        "name": "حساب دریافتنی برچسب خودرو (راه بند)",
                        "code": 102015,
                        "type": "both"
                    },
                    {
                        "name": "حساب دریافتنی سایر درآمدها",
                        "code": 102016,
                        "type": "both"
                    },
                    {
                        "name": "اسناد واخواستی",
                        "code": 102019,
                        "type": "both"
                    },
                    {
                        "name": "حساب دریافتنی اجاره انباری",
                        "code": 102022,
                        "type": "both"
                    },
                    {
                        "name": "حساب دریافتنی جریمه پارک خودرو",
                        "code": 102024,
                        "type": "both"
                    },
                    {
                        "name": "حساب دریافتنی دیرکرد شارژ مجتمع",
                        "code": 102025,
                        "type": "both"
                    },
                    {
                        "name": "حساب دریافتنی اظهار نامه الکترونیک قضایی",
                        "code": 102028,
                        "type": "both"
                    },
                    {
                        "name": "حساب دریافتنی فروش ضایعات و بازیافت",
                        "code": 102029,
                        "type": "both"
                    },
                    {
                        "name": "حساب دریافتنی باز پرداخت مساعده وام",
                        "code": 102030,
                        "type": "both"
                    },
                    {
                        "name": "حساب دریافتنی واریزی نامشخص",
                        "code": 102031,
                        "type": "both"
                    },
                    {
                        "name": "حساب دریافتنی سمپاشی واحد",
                        "code": 102032,
                        "type": "both"
                    },
                    {
                        "name": "حساب دریافتنی شارژ اثاث کشی",
                        "code": 102034,
                        "type": "both"
                    },
                    {
                        "name": "حساب دریافتنی هزینه بازسازی واحد و تعمیرات مجتمع",
                        "code": 102035,
                        "type": "both"
                    },
                    {
                        "name": "حساب دریافتنی کمیسیون نقل و انتقال واحد-عمرانی",
                        "code": 102036,
                        "type": "both"
                    },
                    {
                        "name": "بدهکاران متفرقه",
                        "code": 102037,
                        "type": "both"
                    },
                    {
                        "name": "حساب دریافتنی کمیسیون نقل و انتقال واحد جاری",
                        "code": 102038,
                        "type": "both"
                    }
                ],
                "type": "both"
            },
            {
                "name": "سایر حساب ها و اسناد دریافتنی",
                "code": 103,
                "children": [
                    {
                        "name": "مساعده کارکنان",
                        "code": 103001,
                        "type": "both"
                    },
                    {
                        "name": "وام کارکنان",
                        "code": 103002,
                        "type": "both"
                    },
                    {
                        "name": "جاری کارکنان",
                        "code": 103003,
                        "type": "both"
                    },
                    {
                        "name": "اسناد دریافتنی غیر تجاری",
                        "code": 103004,
                        "type": "both"
                    },
                    {
                        "name": "سایر حساب های دریافتنی غیر تجاری",
                        "code": 103005,
                        "type": "both"
                    },
                    {
                        "name": "مالیات و عوارض بر ارزش افزوده",
                        "code": 103006,
                        "type": "both"
                    },
                    {
                        "name": "سایر اسناد در جریان وصول",
                        "code": 103007,
                        "type": "both"
                    },
                    {
                        "name": "سایر وجوه درجریان وصول - شاپرک",
                        "code": 103008,
                        "type": "both"
                    }
                ],
                "type": "both"
            },
            {
                "name": "سپرده ها و ودایع",
                "code": 104,
                "children": [
                    {
                        "name": "سپرده های نزد اشخاص",
                        "code": 104001,
                        "type": "both"
                    },
                    {
                        "name": "سایر سپرده ها",
                        "code": 104002,
                        "type": "both"
                    }
                ],
                "type": "both"
            },
            {
                "name": "پیش پرداخت ها",
                "code": 105,
                "children": [
                    {
                        "name": "پیش پرداخت خرید خدمات",
                        "code": 105001,
                        "type": "both"
                    },
                    {
                        "name": "پیش پرداخت هزینه",
                        "code": 105002,
                        "type": "both"
                    },
                    {
                        "name": "سایر پیش پرداخت ها",
                        "code": 105003,
                        "type": "both"
                    }
                ],
                "type": "both"
            },
            {
                "name": "موجودی کالا",
                "code": 106,
                "children": [],
                "type": "both"
            }
        ],
        "type": "both"
    },
    {
        "name": "دارایی های غیر جاری",
        "code": 2,
        "children": [
            {
                "name": "دارایی های ثابت",
                "code": 201,
                "children": [
                    {
                        "name": "زمین",
                        "code": 201001,
                        "type": "both"
                    },
                    {
                        "name": "ساختمان و تاسیسات",
                        "code": 201002,
                        "type": "both"
                    },
                    {
                        "name": "ماشین آلات و تجهیزات",
                        "code": 201003,
                        "type": "both"
                    },
                    {
                        "name": "ابزار آلات",
                        "code": 201004,
                        "type": "both"
                    },
                    {
                        "name": "قالب ها",
                        "code": 201005,
                        "type": "both"
                    },
                    {
                        "name": "وسائط نقلیه",
                        "code": 201006,
                        "type": "both"
                    },
                    {
                        "name": "اثاثیه و منصوبات",
                        "code": 201007,
                        "type": "both"
                    },
                    {
                        "name": "سایر دارایی ها",
                        "code": 201008,
                        "type": "both"
                    },
                    {
                        "name": "ابزارآلات الکترونیک",
                        "code": 201009,
                        "type": "both"
                    }
                ],
                "type": "both"
            },
            {
                "name": "استهلاک انباشته دارایی های ثابت",
                "code": 202,
                "children": [
                    {
                        "name": "استهلاک ساختمان ها و تاسیسات",
                        "code": 202001,
                        "type": "both"
                    },
                    {
                        "name": "استهلاک ماشین آلات و تجهیزات",
                        "code": 202002,
                        "type": "both"
                    },
                    {
                        "name": "استهلاک ابزار آلات",
                        "code": 202003,
                        "type": "both"
                    },
                    {
                        "name": "استهلاک قالب ها",
                        "code": 202004,
                        "type": "both"
                    },
                    {
                        "name": "استهلاک وسائط نقلیه",
                        "code": 202005,
                        "type": "both"
                    },
                    {
                        "name": "استهلاک اثاثیه و منصوبات",
                        "code": 202006,
                        "type": "both"
                    }
                ],
                "type": "both"
            },
            {
                "name": "دارایی های نامشهود",
                "code": 203,
                "children": [],
                "type": "both"
            },
            {
                "name": "استهلاک انباشته دارایی های نامشهود",
                "code": 204,
                "children": [
                    {
                        "name": "حق الامتیازها",
                        "code": 204001,
                        "type": "both"
                    },
                    {
                        "name": "نرم افزارها و سایر",
                        "code": 204002,
                        "type": "both"
                    }
                ],
                "type": "both"
            }
        ],
        "type": "both"
    },
    {
        "name": "بدهی های جاری",
        "code": 3,
        "children": [
            {
                "name": "حساب ها و اسناد پرداختنی تجاری",
                "code": 301,
                "children": [
                    {
                        "name": "اسناد پرداختنی تجاری",
                        "code": 301001,
                        "type": "both"
                    },
                    {
                        "name": "حساب های پرداختنی تجاری",
                        "code": 301002,
                        "type": "both"
                    },
                    {
                        "name": "حساب پرداختنی قبض آب",
                        "code": 301005,
                        "type": "both"
                    },
                    {
                        "name": "حساب پرداختنی قبض برق",
                        "code": 301006,
                        "type": "both"
                    },
                    {
                        "name": "حساب پرداختنی قبض گاز",
                        "code": 301008,
                        "type": "both"
                    },
                    {
                        "name": "حساب پرداختنی هزینه ابزار و لوازم مصرفی",
                        "code": 301036,
                        "type": "both"
                    },
                    {
                        "name": "حساب پرداختنی هزینه عمرانی فضای سبز",
                        "code": 301037,
                        "type": "both"
                    },
                    {
                        "name": "حساب پرداختنی نظافت و بهداشت",
                        "code": 301039,
                        "type": "both"
                    },
                    {
                        "name": "حساب پرداختنی هزینه عمرانی تاسیسات",
                        "code": 301040,
                        "type": "both"
                    },
                    {
                        "name": "حساب پرداختنی حمل و ایاب و ذهاب",
                        "code": 301041,
                        "type": "both"
                    },
                    {
                        "name": "حساب پرداختنی تلفن و اینترنت",
                        "code": 301042,
                        "type": "both"
                    },
                    {
                        "name": "حساب پرداختنی پذیرایی، مراسم و جلسات مجمع",
                        "code": 301045,
                        "type": "both"
                    },
                    {
                        "name": "حساب پرداختنی حفاظتی، لابی من، خدمات و تاسیسات",
                        "code": 301046,
                        "type": "both"
                    },
                    {
                        "name": "حساب پرداختنی اداری و مالی",
                        "code": 301048,
                        "type": "both"
                    },
                    {
                        "name": "حساب پرداختنی اضافه کاری خدمات",
                        "code": 301049,
                        "type": "both"
                    },
                    {
                        "name": "حساب پرداختنی هزینه عمرانی آسانسور",
                        "code": 301050,
                        "type": "both"
                    },
                    {
                        "name": "حساب پرداختنی کارمزد بانکی",
                        "code": 301054,
                        "type": "both"
                    },
                    {
                        "name": "حساب پرداختنی باغبان",
                        "code": 301055,
                        "type": "both"
                    },
                    {
                        "name": "حساب پرداختنی باربری و تخلیه ضایعات",
                        "code": 301057,
                        "type": "both"
                    },
                    {
                        "name": "حساب پرداختنی مدیر اجرایی",
                        "code": 301060,
                        "type": "both"
                    },
                    {
                        "name": "حساب پرداختنی آسانسور شبانه روزی",
                        "code": 301061,
                        "type": "both"
                    },
                    {
                        "name": "حساب پرداختنی پذیرایی و آبدارخانه",
                        "code": 301063,
                        "type": "both"
                    },
                    {
                        "name": "حساب پرداختنی بیمه مجتمع",
                        "code": 301067,
                        "type": "both"
                    },
                    {
                        "name": "حساب پرداختنی بیمه تجهیزات آسانسور",
                        "code": 301068,
                        "type": "both"
                    },
                    {
                        "name": "حساب پرداختنی 20% حق الزحمه املاک",
                        "code": 301070,
                        "type": "both"
                    },
                    {
                        "name": "حساب پرداختنی هزینه عمرانی برق و روشنایی",
                        "code": 301073,
                        "type": "both"
                    },
                    {
                        "name": "حساب پرداختنی پله و نرده پارکینگ میهمان",
                        "code": 301076,
                        "type": "both"
                    },
                    {
                        "name": "حساب پرداختنی هزینه عمرانی دوربین مدار بسته و راهبند",
                        "code": 301084,
                        "type": "both"
                    },
                    {
                        "name": "حساب پرداختنی تعمیر و نگهداری سیستم اعلان حریق",
                        "code": 301086,
                        "type": "both"
                    },
                    {
                        "name": "حساب پرداختنی بیمه حوادث آسانسور",
                        "code": 301087,
                        "type": "both"
                    },
                    {
                        "name": "حساب پرداختنی تعمیر و نگهداری آنتن مرکزی",
                        "code": 301100,
                        "type": "both"
                    },
                    {
                        "name": "حساب پرداختنی فنس کشی شهرک",
                        "code": 301104,
                        "type": "both"
                    },
                    {
                        "name": "حساب پرداختنی سم پاشی محوطه",
                        "code": 301107,
                        "type": "both"
                    },
                    {
                        "name": "حساب پرداختنی اضافه کاری اداری",
                        "code": 301108,
                        "type": "both"
                    },
                    {
                        "name": "حساب پرداختنی هزینه عمرانی ساختمان",
                        "code": 301109,
                        "type": "both"
                    },
                    {
                        "name": "حساب پرداختنی هزینه تعمیر و نگهداری ساختمان",
                        "code": 301110,
                        "type": "both"
                    },
                    {
                        "name": "حساب پرداختنی تعمیر و نگهداری تاسیسات",
                        "code": 301113,
                        "type": "both"
                    },
                    {
                        "name": "حساب پرداختنی برق و روشنایی",
                        "code": 301117,
                        "type": "both"
                    },
                    {
                        "name": "حساب پرداختنی برق و روشنایی",
                        "code": 301119,
                        "type": "both"
                    },
                    {
                        "name": "حساب پرداختنی نوشت افزار",
                        "code": 301120,
                        "type": "both"
                    },
                    {
                        "name": "حساب پرداختنی تعمیر و نگهداری آسانسور",
                        "code": 301121,
                        "type": "both"
                    },
                    {
                        "name": "حساب پرداختنی دوربین مداربسته و راهبند",
                        "code": 301122,
                        "type": "both"
                    },
                    {
                        "name": "حساب پرداختنی هزیزنه های اداری و حقوقی",
                        "code": 301123,
                        "type": "both"
                    },
                    {
                        "name": "حساب پرداختنی اقلام سرمایه ای",
                        "code": 301124,
                        "type": "both"
                    },
                    {
                        "name": "حساب پرداختنی فضای سبز",
                        "code": 301125,
                        "type": "both"
                    }
                ],
                "type": "both"
            },
            {
                "name": "سایر حساب ها و اسناد پرداختنی",
                "code": 302,
                "children": [
                    {
                        "name": "مالیات پرداختنی",
                        "code": 302001,
                        "type": "both"
                    },
                    {
                        "name": "بیمه پرداختنی",
                        "code": 302002,
                        "type": "both"
                    },
                    {
                        "name": "حقوق پرداختنی",
                        "code": 302003,
                        "type": "both"
                    },
                    {
                        "name": "عیدی پرداختنی",
                        "code": 302004,
                        "type": "both"
                    },
                    {
                        "name": "سنوات پرداختنی",
                        "code": 302005,
                        "type": "both"
                    },
                    {
                        "name": "ذخیره هزینه های محقق شده پرداخت نشده",
                        "code": 302006,
                        "type": "both"
                    },
                    {
                        "name": "سایر حساب های پرداختنی",
                        "code": 302007,
                        "type": "both"
                    },
                    {
                        "name": "سایر اسناد پرداختنی",
                        "code": 302008,
                        "type": "both"
                    },
                    {
                        "name": "مالیات و عوارض بر ارزش افزوده",
                        "code": 302009,
                        "type": "both"
                    },
                    {
                        "name": "واریزی های نامشخص",
                        "code": 302010,
                        "type": "both"
                    }
                ],
                "type": "both"
            },
            {
                "name": "پیش دریافت ها",
                "code": 303,
                "children": [
                    {
                        "name": "پیش دریافت مالکین مستاجرین",
                        "code": 303001,
                        "type": "both"
                    },
                    {
                        "name": "سایر پیش دریافت ها",
                        "code": 303002,
                        "type": "both"
                    }
                ],
                "type": "both"
            },
            {
                "name": "ذخایر",
                "code": 304,
                "children": [
                    {
                        "name": "ذخیره مالیات",
                        "code": 304001,
                        "type": "both"
                    },
                    {
                        "name": "ذخیره مطالبات مشکوک الوصول",
                        "code": 304002,
                        "type": "both"
                    },
                    {
                        "name": "ذخیره هزینه های احتمالی",
                        "code": 304003,
                        "type": "both"
                    }
                ],
                "type": "both"
            },
            {
                "name": "تسهیلات مالی کوتاه مدت",
                "code": 305,
                "children": [],
                "type": "both"
            },
            {
                "name": "ودایع دریافتی",
                "code": 306,
                "children": [],
                "type": "both"
            },
            {
                "name": "جاری شرکا",
                "code": 307,
                "children": [
                    {
                        "name": "جاری شرکا",
                        "code": 307001,
                        "type": "both"
                    }
                ],
                "type": "both"
            }
        ],
        "type": "both"
    },
    {
        "name": "بدهی های غیر جاری",
        "code": 4,
        "children": [
            {
                "name": "حساب ها و اسناد پرداختنی بلند مدت",
                "code": 401,
                "children": [
                    {
                        "name": "حساب های پرداختنی بلند مدت",
                        "code": 401001,
                        "type": "both"
                    },
                    {
                        "name": "اسناد پرداختنی بلند مدت",
                        "code": 401002,
                        "type": "both"
                    }
                ],
                "type": "both"
            },
            {
                "name": "تسهیلات مالی دریافتی بلند مدت",
                "code": 402,
                "children": [
                    {
                        "name": "تسهیلات مالی دریافتی بلند مدت",
                        "code": 402001,
                        "type": "both"
                    }
                ],
                "type": "both"
            },
            {
                "name": "ذخیره مزایای پایان خدمت کارکنان",
                "code": 403,
                "children": [
                    {
                        "name": "ذخیره مزایای پایان خدمت کارکنان",
                        "code": 403001,
                        "type": "both"
                    }
                ],
                "type": "both"
            }
        ],
        "type": "both"
    },
    {
        "name": "حقوق صاحبان سهام",
        "code": 5,
        "children": [
            {
                "name": "حساب سرمایه - حقوق مالکانه",
                "code": 501,
                "children": [],
                "type": "both"
            },
            {
                "name": "سود و زیان",
                "code": 502,
                "children": [
                    {
                        "name": "سود و زیان انباشته",
                        "code": 502001,
                        "type": "both"
                    },
                    {
                        "name": "سود و زیان جاری",
                        "code": 502002,
                        "type": "both"
                    },
                    {
                        "name": "تعدیلات سنواتی",
                        "code": 502003,
                        "type": "both"
                    }
                ],
                "type": "both"
            },
            {
                "name": "اندوخته ها",
                "code": 503,
                "children": [
                    {
                        "name": "اندوخته قانونی",
                        "code": 503001,
                        "type": "both"
                    },
                    {
                        "name": "اندوخته احتیاطی",
                        "code": 503002,
                        "type": "both"
                    }
                ],
                "type": "both"
            }
        ],
        "type": "both"
    },
    {
        "name": "درآمد",
        "code": 6,
        "children": [
            {
                "name": "شارژ جاری",
                "code": 602,
                "children": [
                    {
                        "name": "بدهی معوقه",
                        "code": 602001,
                        "type": "both"
                    },
                    {
                        "name": "شارژ مجتمع",
                        "code": 602006,
                        "type": "both"
                    },
                    {
                        "name": "دیرکرد شارژ مجتمع",
                        "code": 602008,
                        "type": "both"
                    },
                    {
                        "name": "اظهار نامه الکترونیک قضایی",
                        "code": 602009,
                        "type": "both"
                    },
                    {
                        "name": "کمیسیون نقل و انتقال واحد جاری",
                        "code": 602010,
                        "type": "both"
                    }
                ],
                "type": "both"
            },
            {
                "name": "شارژ عمرانی",
                "code": 603,
                "children": [
                    {
                        "name": "شارژ عمرانی سالانه مالکین",
                        "code": 603001,
                        "type": "both"
                    },
                    {
                        "name": "کمیسیون نقل و انتقال واحد-عمرانی",
                        "code": 603002,
                        "type": "both"
                    }
                ],
                "type": "both"
            },
            {
                "name": "سایر درآمدها",
                "code": 604,
                "children": [
                    {
                        "name": "سود بانکی",
                        "code": 604001,
                        "type": "both"
                    },
                    {
                        "name": "برچسب خودرو (راه بند)",
                        "code": 604003,
                        "type": "both"
                    },
                    {
                        "name": "سایر درآمدها",
                        "code": 604004,
                        "type": "both"
                    },
                    {
                        "name": "درآمد اجاره پارکینگ",
                        "code": 604007,
                        "type": "both"
                    },
                    {
                        "name": "اجاره انباری",
                        "code": 604017,
                        "type": "both"
                    },
                    {
                        "name": "جریمه پارک خودرو",
                        "code": 604019,
                        "type": "both"
                    },
                    {
                        "name": "سمپاشی واحد",
                        "code": 604023,
                        "type": "both"
                    },
                    {
                        "name": "شارژ اثاث کشی",
                        "code": 604030,
                        "type": "both"
                    },
                    {
                        "name": "هزینه بازسازی واحد و تعمیرات مجتمع",
                        "code": 604031,
                        "type": "both"
                    },
                    {
                        "name": "فروش ضایعات و بازیافت",
                        "code": 604032,
                        "type": "both"
                    }
                ],
                "type": "both"
            },
            {
                "name": "تخفیفات",
                "code": 605,
                "children": [
                    {
                        "name": "تخفیفات",
                        "code": 605001,
                        "type": "both"
                    }
                ],
                "type": "both"
            },
            {
                "name": "بازپرداخت مساعده وام ",
                "code": 608,
                "children": [
                    {
                        "name": "باز پرداخت مساعده وام",
                        "code": 608002,
                        "type": "both"
                    }
                ],
                "type": "both"
            },
            {
                "name": "واریزی نامشخص",
                "code": 609,
                "children": [
                    {
                        "name": "واریزی نامشخص",
                        "code": 609001,
                        "type": "both"
                    }
                ],
                "type": "both"
            }
        ],
        "type": "both"
    },
    {
        "name": "بهای تمام شده فروش و خدمات",
        "code": 7,
        "children": [
            {
                "name": "بهای تمام شده خدمات ارائه شده",
                "code": 701,
                "children": [],
                "type": "both"
            }
        ],
        "type": "both"
    },
    {
        "name": "هزینه ها",
        "code": 8,
        "children": [
            {
                "name": "هزینه های جاری",
                "code": 801,
                "children": [
                    {
                        "name": "20% حق الزحمه املاک",
                        "code": 801071,
                        "type": "both"
                    },
                    {
                        "name": "هزینه ابزار و لوازم مصرفی",
                        "code": 801072,
                        "type": "both"
                    },
                    {
                        "name": "پذیرایی، مراسم و جلسات مجمع",
                        "code": 801076,
                        "type": "both"
                    },
                    {
                        "name": "هزینه جاری دفتر فروش",
                        "code": 801078,
                        "type": "both"
                    },
                    {
                        "name": "سایر هزینه ها",
                        "code": 801085,
                        "type": "both"
                    },
                    {
                        "name": "کارمزد بانکی",
                        "code": 801086,
                        "type": "both"
                    },
                    {
                        "name": "نظافت و بهداشت",
                        "code": 801088,
                        "type": "both"
                    },
                    {
                        "name": "هزینه تعمیر و نگهداری ساختمان",
                        "code": 801089,
                        "type": "both"
                    },
                    {
                        "name": "تعمیر و نگهداری تاسیسات",
                        "code": 801091,
                        "type": "both"
                    },
                    {
                        "name": "برق و روشنایی",
                        "code": 801094,
                        "type": "both"
                    },
                    {
                        "name": "حمل و ایاب و ذهاب",
                        "code": 801096,
                        "type": "both"
                    },
                    {
                        "name": "پذیرایی و آبدارخانه",
                        "code": 801097,
                        "type": "both"
                    },
                    {
                        "name": "سم پاشی محوطه",
                        "code": 801100,
                        "type": "both"
                    },
                    {
                        "name": "تعمیر و نگهداری آسانسور",
                        "code": 801101,
                        "type": "both"
                    },
                    {
                        "name": "دوربین مداربسته و راهبند",
                        "code": 801102,
                        "type": "both"
                    },
                    {
                        "name": "نوشت افزار",
                        "code": 801103,
                        "type": "both"
                    },
                    {
                        "name": "هزیزنه های اداری و حقوقی",
                        "code": 801104,
                        "type": "both"
                    },
                    {
                        "name": "تعمیر و نگهداری سیستم اعلان حریق",
                        "code": 801105,
                        "type": "both"
                    },
                    {
                        "name": "فضای سبز",
                        "code": 801106,
                        "type": "both"
                    },
                    {
                        "name": "تعمیر و نگهداری آنتن مرکزی",
                        "code": 801107,
                        "type": "both"
                    }
                ],
                "type": "both"
            },
            {
                "name": "هزینه اندوخته احتیاطی",
                "code": 803,
                "children": [],
                "type": "both"
            },
            {
                "name": "هزینه حقوق و دستمزد",
                "code": 806,
                "children": [
                    {
                        "name": "مدیر اجرایی",
                        "code": 806011,
                        "type": "both"
                    },
                    {
                        "name": "باغبان",
                        "code": 806037,
                        "type": "both"
                    },
                    {
                        "name": "حفاظتی، لابی من، خدمات و تاسیسات",
                        "code": 806047,
                        "type": "both"
                    },
                    {
                        "name": "اداری و مالی",
                        "code": 806048,
                        "type": "both"
                    },
                    {
                        "name": "اضافه کاری خدمات",
                        "code": 806049,
                        "type": "both"
                    },
                    {
                        "name": "اضافه کاری اداری",
                        "code": 806050,
                        "type": "both"
                    },
                    {
                        "name": "آسانسور شبانه روزی",
                        "code": 806052,
                        "type": "both"
                    },
                    {
                        "name": "باربری و تخلیه ضایعات",
                        "code": 806053,
                        "type": "both"
                    }
                ],
                "type": "both"
            },
            {
                "name": "هزینه اداری اجرایی",
                "code": 807,
                "children": [],
                "type": "both"
            },
            {
                "name": "هزینه تعمیر و نگهداری تاسیسات (عمرانی)",
                "code": 809,
                "children": [],
                "type": "both"
            },
            {
                "name": "قبوض",
                "code": 813,
                "children": [
                    {
                        "name": "قبض آب",
                        "code": 813001,
                        "type": "both"
                    },
                    {
                        "name": "قبض برق",
                        "code": 813002,
                        "type": "both"
                    },
                    {
                        "name": "قبض گاز",
                        "code": 813003,
                        "type": "both"
                    },
                    {
                        "name": "تلفن و اینترنت",
                        "code": 813004,
                        "type": "both"
                    }
                ],
                "type": "both"
            },
            {
                "name": "هزینه تعمیر و نگهداری مشاعات (عمرانی)",
                "code": 814,
                "children": [],
                "type": "both"
            },
            {
                "name": "نگهداری و تعمیرات ساختمان (عمرانی)",
                "code": 815,
                "children": [],
                "type": "both"
            },
            {
                "name": "هزینه تعمیر و نگهداری آسانسور (عمرانی)",
                "code": 816,
                "children": [],
                "type": "both"
            },
            {
                "name": "هزینه های عمرانی",
                "code": 817,
                "children": [
                    {
                        "name": "بیمه مجتمع",
                        "code": 817011,
                        "type": "both"
                    },
                    {
                        "name": "بیمه تجهیزات آسانسور",
                        "code": 817012,
                        "type": "both"
                    },
                    {
                        "name": "پله و نرده پارکینگ میهمان",
                        "code": 817018,
                        "type": "both"
                    },
                    {
                        "name": "بیمه حوادث آسانسور",
                        "code": 817023,
                        "type": "both"
                    },
                    {
                        "name": "فنس کشی شهرک",
                        "code": 817026,
                        "type": "both"
                    },
                    {
                        "name": "برق و روشنایی",
                        "code": 817037,
                        "type": "both"
                    },
                    {
                        "name": "اقلام سرمایه ای",
                        "code": 817040,
                        "type": "both"
                    },
                    {
                        "name": "هزینه عمرانی فضای سبز",
                        "code": 817041,
                        "type": "both"
                    },
                    {
                        "name": "هزینه عمرانی تاسیسات",
                        "code": 817042,
                        "type": "both"
                    },
                    {
                        "name": "هزینه عمرانی آسانسور",
                        "code": 817043,
                        "type": "both"
                    },
                    {
                        "name": "هزینه عمرانی ساختمان",
                        "code": 817044,
                        "type": "both"
                    },
                    {
                        "name": "هزینه عمرانی برق و روشنایی",
                        "code": 817045,
                        "type": "both"
                    },
                    {
                        "name": "هزینه عمرانی دوربین مدار بسته و راهبند",
                        "code": 817046,
                        "type": "both"
                    }
                ],
                "type": "both"
            }
        ],
        "type": "both"
    },
    {
        "name": "حساب های انتظامی و کنترلی",
        "code": 9,
        "children": [
            {
                "name": "حساب های انتظامی",
                "code": 901,
                "children": [
                    {
                        "name": "حساب های انتظامی بنفع مجتمع",
                        "code": 901001,
                        "type": "both"
                    },
                    {
                        "name": "ضمانت نامه های بنفع مجتمع",
                        "code": 901002,
                        "type": "both"
                    },
                    {
                        "name": "حساب های انتظامی عهده مجتمع",
                        "code": 901003,
                        "type": "both"
                    },
                    {
                        "name": "ضمانت نامه های عهده مجتمع",
                        "code": 901004,
                        "type": "both"
                    }
                ],
                "type": "both"
            },
            {
                "name": "طرف حساب های انتظامی",
                "code": 902,
                "children": [
                    {
                        "name": "طرف حساب های انتظامی",
                        "code": 902001,
                        "type": "both"
                    }
                ],
                "type": "both"
            },
            {
                "name": "حساب های کنترلی",
                "code": 903,
                "children": [
                    {
                        "name": "تراز افتتاحیه",
                        "code": 903001,
                        "type": "both"
                    },
                    {
                        "name": "تراز اختتامیه",
                        "code": 903002,
                        "type": "both"
                    }
                ],
                "type": "both"
            }
        ],
        "type": "both"
    }
]